Title,Description,Instructor,Rating,Price,Details,Page
"Ultimate AWS Certified Solutions Architect Associate 2026
Full Practice Exam | Learn Cloud Computing | Pass the AWS Certified Solutions Architect Associate Certification SAA-C03!",,"Stephane Maarek | AWS Certified Cloud Practitioner,Solutions Architect,Developer","Rating: 4.7 out of 5
4.7
(283,864)","Current price
$14.99
Original Price
$89.99",,1
"[NEW] Ultimate AWS Certified Cloud Practitioner CLF-C02 2026
Full Practice Exam included + explanations | Learn Cloud Computing | Pass the AWS Cloud Practitioner CLF-C02 exam!",,"Stephane Maarek | AWS Certified Cloud Practitioner,Solutions Architect,Developer","Rating: 4.7 out of 5
4.7
(282,641)","Current price
$14.99
Original Price
$89.99",,1
"CompTIA Security+ (SY0-701) Complete Course & Practice Exam
CompTIA Security+ (SY0-701) Bootcamp - Your preparation for the world's best cybersecurity certification!",,"Jason Dion • 2.8 Million+ Enrollments Worldwide, Dion Training Solutions • ATO for ITIL & PRINCE2, Dion Training Solutions • ATO for ITIL & PRINCE2, Dion Training Solutions, Jason Dion • 2.8 Million+ Enrollments Worldwide","Rating: 4.7 out of 5
4.7
(114,899)","Current price
$12.99
Original Price
$79.99",,1
"AI Governance Professional (AIGP) Certification Masterclass
Master the 4 domains of the IAPP AIGP certification exam with 19+ hours of on-demand video.",,Dr. Kyle David,"Rating: 4.7 out of 5
4.7
(1,449)","Current price
$199.99",,1
,,,,,,1
,,,,,,1
"Ultimate AWS Certified Solutions Architect Associate 2026
Full Practice Exam | Learn Cloud Computing | Pass the AWS Certified Solutions Architect Associate Certification SAA-C03!",Full Practice Exam | Learn Cloud Computing | Pass the AWS Certified Solutions Architect Associate Certification SAA-C03!,"Stephane Maarek | AWS Certified Cloud Practitioner,Solutions Architect,Developer","Rating: 4.7 out of 5
4.7
(284,118)","Current price
$14.99
Original Price
$89.99","27 total hours
398 lectures
All Levels",1
"[NEW] Ultimate AWS Certified Cloud Practitioner CLF-C02 2026
Full Practice Exam included + explanations | Learn Cloud Computing | Pass the AWS Cloud Practitioner CLF-C02 exam!",Full Practice Exam included + explanations | Learn Cloud Computing | Pass the AWS Cloud Practitioner CLF-C02 exam!,"Stephane Maarek | AWS Certified Cloud Practitioner,Solutions Architect,Developer","Rating: 4.7 out of 5
4.7
(282,899)","Current price
$14.99
Original Price
$89.99","14.5 total hours
282 lectures
Beginner",1
"Master Microsoft Azure Fundamentals: AZ-900 Exam Prep 2025
Comprehensive AZ-900 Training with Practice Tests, Study Guides, and More for Microsoft Azure Certification Success","Comprehensive AZ-900 Training with Practice Tests, Study Guides, and More for Microsoft Azure Certification Success","Scott Duffy • 1.000.000+ Students, Software Architect.ca","Rating: 4.6 out of 5
4.6
(137,965)","Current price
$12.99
Original Price
$79.99","8.5 total hours
87 lectures
Beginner",1
"Ultimate AWS Certified Developer Associate 2026 DVA-C02
Full Practice Exam with Explanations included! PASS the Amazon Web Services Certified Developer Certification DVA-C02",Full Practice Exam with Explanations included! PASS the Amazon Web Services Certified Developer Certification DVA-C02,"Stephane Maarek | AWS Certified Cloud Practitioner,Solutions Architect,Developer","Rating: 4.7 out of 5
4.7
(120,845)","Current price
$12.99
Original Price
$79.99","32 total hours
454 lectures
All Levels",1
"CompTIA Security+ (SY0-701) Complete Course & Practice Exam
CompTIA Security+ (SY0-701) Bootcamp - Your preparation for the world's best cybersecurity certification!",CompTIA Security+ (SY0-701) Bootcamp - Your preparation for the world's best cybersecurity certification!,"Jason Dion • 2.8 Million+ Enrollments Worldwide, Dion Training Solutions • ATO for ITIL & PRINCE2, Dion Training Solutions • ATO for ITIL & PRINCE2, Dion Training Solutions, Jason Dion • 2.8 Million+ Enrollments Worldwide","Rating: 4.7 out of 5
4.7
(115,071)","Current price
$12.99
Original Price
$79.99","31 total hours
264 lectures
All Levels",1
"Introduction to Service Management with ITIL 4
Learn about service management, four dimensions, guiding principles, service value system, and ITSM best practices","Learn about service management, four dimensions, guiding principles, service value system, and ITSM best practices","Jason Dion • 2.8 Million+ Enrollments Worldwide, Dion Training Solutions • ATO for ITIL & PRINCE2, Dion Training Solutions • ATO for ITIL & PRINCE2, Jason Dion • 2.8 Million+ Enrollments Worldwide","Rating: 4.5 out of 5
4.5
(107,633)","Current price
$11.99
Original Price
$74.99","2 total hours
24 lectures
Beginner",1
"Certified Kubernetes Administrator (CKA) with Practice Tests
Prepare for the Certified Kubernetes Administrators Certification with live practice tests right in your browser - CKA",Prepare for the Certified Kubernetes Administrators Certification with live practice tests right in your browser - CKA,"Mumshad Mannambeth, KodeKloud Training","Rating: 4.7 out of 5
4.7
(89,837)","Current price
$12.99
Original Price
$79.99","26 total hours
324 lectures
All Levels",1
"TOTAL: CompTIA A+ Core 1 (220-1201) Course + Practice Exam
Everything you need to pass A+ Certification Core 1 (220-1201) Exam, Mike Meyers and Total Seminars!","Everything you need to pass A+ Certification Core 1 (220-1201) Exam, Mike Meyers and Total Seminars!","Total Seminars Over 1 Million Enrollments, Mike Meyers, Dakota Snow","Rating: 4.6 out of 5
4.6
(87,882)","Current price
$12.99
Original Price
$19.99","20.5 total hours
153 lectures
All Levels",1
"Cisco CCNA 200-301 – The Complete Guide to Getting Certified
The top rated CCNA course online with comprehensive videos, lab exercises, study notes, Anki flashcards and active Q&amp;A","The top rated CCNA course online with comprehensive videos, lab exercises, study notes, Anki flashcards and active Q&A",Neil Anderson,"Rating: 4.8 out of 5
4.8
(85,749)","Current price
$12.99
Original Price
$79.99","42.5 total hours
326 lectures
Beginner",1
"AZ-900 Microsoft Azure Fundamentals
Beginner's guide to Microsoft Azure",Beginner's guide to Microsoft Azure,Alan Rodrigues,"Rating: 4.6 out of 5
4.6
(65,762)","Current price
$12.99
Original Price
$79.99","14.5 total hours
200 lectures
Beginner",1
"The Complete Networking Fundamentals Course. Your CCNA start
Learn about networking and start your journey to Cisco 200-301 Certification.",Learn about networking and start your journey to Cisco 200-301 Certification.,David Bombal,"Rating: 4.7 out of 5
4.7
(56,405)","Current price
$12.99
Original Price
$79.99","73 total hours
580 lectures
Beginner",1
"AZ-104 Microsoft Azure Administrator - Complete Exam Prep
AZ-104 certification prep covering identity, networking, storage, compute & monitoring","AZ-104 certification prep covering identity, networking, storage, compute & monitoring","Scott Duffy • 1.000.000+ Students, Software Architect.ca","Rating: 4.5 out of 5
4.5
(55,699)","Current price
$12.99
Original Price
$79.99","15 total hours
182 lectures
Intermediate",1
"The Complete Oracle SQL Certification Course
Don't Just Learn the SQL Language, Become Job-Ready and Launch Your Career as a Certified Oracle SQL Developer!","Don't Just Learn the SQL Language, Become Job-Ready and Launch Your Career as a Certified Oracle SQL Developer!",Job Ready Programmer,"Rating: 4.6 out of 5
4.6
(54,789)","Current price
$17.99
Original Price
$109.99","17 total hours
79 lectures
All Levels",1
"Six Sigma: Certified Lean Six Sigma White Belt (Accredited)
Six Sigma White Belt Certification (Accredited) | Six Sigma White Belt & Seven Basic Tools of Quality (Earn PDUs | CPDs)",Six Sigma White Belt Certification (Accredited) | Six Sigma White Belt & Seven Basic Tools of Quality (Earn PDUs | CPDs),Advanced Innovation Group Pro Excellence (AIGPE),"Rating: 4.6 out of 5
4.6
(52,731)","Current price
$12.99
Original Price
$79.99","2.5 total hours
36 lectures
Beginner",1
"AZ-900 Microsoft Azure Fundamentals in a Weekend
PASS AZ-900 in a WEEKEND. GET Azure Certification - Microsoft Azure Fundamentals.",PASS AZ-900 in a WEEKEND. GET Azure Certification - Microsoft Azure Fundamentals.,"in28Minutes Official, Open Cloud Solutions | Microsoft Azure Certification - AZ 900","Rating: 4.6 out of 5
4.6
(47,392)","Current price
$17.99
Original Price
$109.99","11.5 total hours
216 lectures
Beginner",1
"CompTIA A+ Core 1 (220-1201) Full Course & Practice Exam
Pass the CompTIA A+ Core 1 (220-1201) exam with help from a top expert in the field!",Pass the CompTIA A+ Core 1 (220-1201) exam with help from a top expert in the field!,"Jason Dion • 2.8 Million+ Enrollments Worldwide, Dion Training Solutions • ATO for ITIL & PRINCE2, Dion Training Solutions • ATO for ITIL & PRINCE2, Dion Training Solutions, Jason Dion • 2.8 Million+ Enrollments Worldwide","Rating: 4.7 out of 5
4.7
(42,259)","Current price
$9.99
Original Price
$59.99","26 total hours
219 lectures
All Levels",1
"[NEW] Ultimate AWS Certified AI Practitioner AIF-C01
Practice Exam included + explanations | Learn Artificial Intelligence | Pass the AWS AI Practitioner AIF-C01 exam!",Practice Exam included + explanations | Learn Artificial Intelligence | Pass the AWS AI Practitioner AIF-C01 exam!,"Stephane Maarek | AWS Certified Cloud Practitioner,Solutions Architect,Developer","Rating: 4.7 out of 5
4.7
(40,385)","Current price
$9.99
Original Price
$34.99","10.5 total hours
150 lectures
Beginner",2
"AWS Certified Cloud Practitioner (CLF-C02) Exam Training
[2026] Earn your AWS Certified Cloud Practitioner Certification in 20 Days! Hands-on Exercises + AWS Bonus Practice Exam",[2026] Earn your AWS Certified Cloud Practitioner Certification in 20 Days! Hands-on Exercises + AWS Bonus Practice Exam,"Neal Davis | AWS Certified Solutions Architect & Developer, Digital Cloud Training | AWS Certified Cloud Practitioner AWS Certified Solutions Architect, AWS Developer Associate","Rating: 4.7 out of 5
4.7
(39,115)","Current price
$11.99
Original Price
$74.99","14 total hours
202 lectures
Beginner",2
"6 Practice Exams | AWS Certified Cloud Practitioner CLF-C02
Prepare the AWS Certified Cloud Practitioner CLF-C02. 390 unique high-quality test questions with detailed explanations!",Prepare the AWS Certified Cloud Practitioner CLF-C02. 390 unique high-quality test questions with detailed explanations!,"Stephane Maarek | AWS Certified Cloud Practitioner,Solutions Architect,Developer, Abhishek Singh","Rating: 4.5 out of 5
4.5
(38,491)","Current price
$12.99
Original Price
$74.99","390 questions
Beginner",2
"CompTIA Network+ (N10-009) Full Course & Practice Exam
CompTIA Network+ (N10-009) Bootcamp - Certification preparation course on the most popular networking certification!",CompTIA Network+ (N10-009) Bootcamp - Certification preparation course on the most popular networking certification!,"Jason Dion • 2.8 Million+ Enrollments Worldwide, Dion Training Solutions • ATO for ITIL & PRINCE2, Dion Training Solutions • ATO for ITIL & PRINCE2, Dion Training Solutions, Jason Dion • 2.8 Million+ Enrollments Worldwide","Rating: 4.7 out of 5
4.7
(38,390)","Current price
$9.99
Original Price
$59.99","32.5 total hours
258 lectures
Beginner",2
"TOTAL: CompTIA Security+ Course + Practice Exam SY0-701
Everything you need to pass the CompTIA Security+ (SY0-701) exam from Mike Meyers, Dan Lachance, and Lyndon Williams!","Everything you need to pass the CompTIA Security+ (SY0-701) exam from Mike Meyers, Dan Lachance, and Lyndon Williams!","Total Seminars Over 1 Million Enrollments, Mike Meyers, Lyndon WIlliams, Dan Lachance","Rating: 4.6 out of 5
4.6
(37,673)","Current price
$12.99
Original Price
$19.99","20.5 total hours
182 lectures
All Levels",2
"Complete Salesforce Certified Platform Administrator Course
Most In-Depth and Current Admin Course - Best Selling Platform Administrator Course Includes ChatGPT Prompt Library",Most In-Depth and Current Admin Course - Best Selling Platform Administrator Course Includes ChatGPT Prompt Library,"Rapid Reskill by Mike Wheeler, Aaron Wheeler, Evan Wheeler, Ezekiel Wheeler, Aiden Wheeler","Rating: 4.6 out of 5
4.6
(37,076)","Current price
$10.99
Original Price
$69.99","39.5 total hours
534 lectures
All Levels",2
"PL-300 certification prep: Microsoft Power BI Data Analyst
Learn skills for Microsoft PL-300 certification using the free Power BI Desktop. Power Query, DAX, M. Helps with DP-600","Learn skills for Microsoft PL-300 certification using the free Power BI Desktop. Power Query, DAX, M. Helps with DP-600","Phillip Burton • over one million students so far, I Do Data Limited","Rating: 4.6 out of 5
4.6
(36,809)","Current price
$15.99
Original Price
$94.99","30 total hours
322 lectures
Beginner",2
"GCP Associate Cloud Engineer - Google Cloud Certification
GCP ACE - Google Cloud Associate Cloud Engineer certification. Begin your Google Cloud Platform - GCP journey!",GCP ACE - Google Cloud Associate Cloud Engineer certification. Begin your Google Cloud Platform - GCP journey!,"in28Minutes Official, Ranga Karanam | GCP Certification - Google Cloud Engineer & Architect","Rating: 4.6 out of 5
4.6
(36,326)","Current price
$15.99
Original Price
$99.99","19 total hours
313 lectures
All Levels",2
"Six Sigma: Certified Lean Six Sigma Yellow Belt (Accredited)
Lean Six Sigma Yellow Belt (Accredited) | Master Six Sigma Yellow Belt, Minitab & Yellow Belt Case Study | Earn 8 PDUs","Lean Six Sigma Yellow Belt (Accredited) | Master Six Sigma Yellow Belt, Minitab & Yellow Belt Case Study | Earn 8 PDUs",Advanced Innovation Group Pro Excellence (AIGPE),"Rating: 4.6 out of 5
4.6
(36,041)","Current price
$12.99
Original Price
$79.99","8 total hours
218 lectures
Beginner",2
"TOTAL: CompTIA Network+ (N10-009) + Practice Exam
Everything you need to pass the CompTIA Network+ Exam (N10-009) from Mike Meyers, Joe Ramm, and Lyndon Williams!","Everything you need to pass the CompTIA Network+ Exam (N10-009) from Mike Meyers, Joe Ramm, and Lyndon Williams!","Total Seminars Over 1 Million Enrollments, Mike Meyers","Rating: 4.5 out of 5
4.5
(34,343)","Current price
$12.99
Original Price
$79.99","19 total hours
145 lectures
All Levels",2
"AZ-204 Developing Solutions for Microsoft Azure
The most complete course available on the Microsoft Azure developer exam AZ-204 with timed practice test.",The most complete course available on the Microsoft Azure developer exam AZ-204 with timed practice test.,"Scott Duffy • 1.000.000+ Students, Software Architect.ca","Rating: 4.5 out of 5
4.5
(34,185)","Current price
$13.99
Original Price
$84.99","8 total hours
93 lectures
Intermediate",2
"AZ-900: Microsoft Azure Fundamentals Original Practice Tests
Six complete timed practice tests for AZ-900 Azure Fundamentals exam, 300 questions, 100% original material","Six complete timed practice tests for AZ-900 Azure Fundamentals exam, 300 questions, 100% original material","Scott Duffy • 1.000.000+ Students, Software Architect.ca","Rating: 4.6 out of 5
4.6
(33,714)","Current price
$12.99
Original Price
$64.99","300 questions
Beginner",2
"AZ-900 Bootcamp: Microsoft Azure Fundamentals (MARCH 2026)
Pass the AZ-900 Microsoft Azure Fundamentals Exam with This Comprehensive AZ-900 Exam-Prep Course with AZ-900 Labs",Pass the AZ-900 Microsoft Azure Fundamentals Exam with This Comprehensive AZ-900 Exam-Prep Course with AZ-900 Labs,"Thomas Mitchell | 239,000+ Students Taught","Rating: 4.6 out of 5
4.6
(31,392)","Current price
$13.99
Original Price
$89.99","7.5 total hours
100 lectures
Beginner",2
"AWS Certified Solutions Architect Associate Practice Exams
Be an AWS Solutions Architect! AWS Certified Solutions Architect Associate Practice Tests for SAA-C03 topics!",Be an AWS Solutions Architect! AWS Certified Solutions Architect Associate Practice Tests for SAA-C03 topics!,"Jon Bonso AWS Generative AI Developer, AWS Certified Solutions Architect, Tutorials Dojo | AWS Certified Cloud Practitioner, AWS Certified Solutions Architect, AWS Certified Developer","Rating: 4.5 out of 5
4.5
(29,671)","Current price
$12.99
Original Price
$74.99","390 questions
All Levels",2
"AWS Certified Cloud Practitioner Practice Exams CLF-C02
AWS Certified Cloud Practitioner Practice Tests | Detailed Explanations | Cover All Exam Topics | 6 Mock Exams [CLF-C02]",AWS Certified Cloud Practitioner Practice Tests | Detailed Explanations | Cover All Exam Topics | 6 Mock Exams [CLF-C02],Mohamed Ali | AWS Certified Cloud Practitioner | Solutions Architect | Developer,"Rating: 4.6 out of 5
4.6
(28,399)","Current price
$12.99
Original Price
$74.99","390 questions
Beginner",2
"Complete Agile Scrum Master Certification Training
Get PSM™ I certified on your first try in 2025! Agile Scrum Simulation + 340 PSM I Practice Questions + [EXTRA] PSM II",Get PSM™ I certified on your first try in 2025! Agile Scrum Simulation + 340 PSM I Practice Questions + [EXTRA] PSM II,"Omni Academy 500,000+ students, Mirko Perkusich, Ph.D., Gustavo Farias 600.000+ Alunos, Omni Academy - Student Care & Support","Rating: 4.6 out of 5
4.6
(28,307)","Current price
$10.99
Original Price
$64.99","6 total hours
123 lectures
Beginner",2
"Agile Scrum for Beginners + Scrum Master Certification Prep
[UNOFFICIAL] Learn Scrum, understand the Agile principles + prepare for your Agile/Scrum Master certification in 2025","[UNOFFICIAL] Learn Scrum, understand the Agile principles + prepare for your Agile/Scrum Master certification in 2025","Valentin Despa, Valentin Despa - Support","Rating: 4.7 out of 5
4.7
(28,086)","Current price
$10.99
Original Price
$64.99","14.5 total hours
134 lectures
All Levels",3
"Six Sigma: Certified Lean Six Sigma Green Belt (Accredited)
Lean Six Sigma Green Belt (Accredited) | Master Lean Six Sigma Green Belt, Minitab, Green Belt Case Study | Earn PDUs","Lean Six Sigma Green Belt (Accredited) | Master Lean Six Sigma Green Belt, Minitab, Green Belt Case Study | Earn PDUs",Advanced Innovation Group Pro Excellence (AIGPE),"Rating: 4.6 out of 5
4.6
(27,538)","Current price
$12.99
Original Price
$79.99","18 total hours
511 lectures
Intermediate",3
"AWS Certified Cloud Practitioner Practice Exams CLF-C02
[2026] AWS Certified Cloud Practitioner [CLF-C02] 6 Practice Tests + Exam Simulator + Explanations + AWS Cheat Sheets",[2026] AWS Certified Cloud Practitioner [CLF-C02] 6 Practice Tests + Exam Simulator + Explanations + AWS Cheat Sheets,"Neal Davis | AWS Certified Solutions Architect & Developer, Digital Cloud Training | AWS Certified Cloud Practitioner AWS Certified Solutions Architect, AWS Developer Associate","Rating: 4.5 out of 5
4.5
(27,527)","Current price
$12.99
Original Price
$74.99","390 questions
All Levels",3
"AZ-303 Azure Architecture Technologies Exam Prep
Prove your Azure Architect Technology skills to the world. Complete AZ-303 course.",Prove your Azure Architect Technology skills to the world. Complete AZ-303 course.,"Scott Duffy • 1.000.000+ Students, Software Architect.ca","Rating: 4.7 out of 5
4.7
(27,282)","Current price
$11.99
Original Price
$69.99","12.5 total hours
152 lectures
Intermediate",3
"[NEW] AWS Certified Cloud Practitioner 2026
Video Course + Practice Tests | Pass the AWS Cloud Practitioner Exam!",Video Course + Practice Tests | Pass the AWS Cloud Practitioner Exam!,Zeal Vora,"Rating: 4.5 out of 5
4.5
(27,250)","Current price
$19.99","27 total hours
209 lectures
Beginner",3
"Snowflake – The Complete Masterclass
Master Snowflake &amp; cloud data warehouse from the ground up",Master Snowflake & cloud data warehouse from the ground up,Nikolai Schuler,"Rating: 4.6 out of 5
4.6
(27,002)","Current price
$17.99
Original Price
$109.99","16.5 total hours
178 lectures
All Levels",3
"AZ-104 Microsoft Azure Administrator Certification
Preparation for Microsoft Azure Administrator Certification AZ-104 exam.",Preparation for Microsoft Azure Administrator Certification AZ-104 exam.,Alan Rodrigues,"Rating: 4.7 out of 5
4.7
(26,650)","Current price
$11.99
Original Price
$74.99","27 total hours
313 lectures
All Levels",3
"Ultimate AWS Certified Solutions Architect Professional 2026
Be AWS Certified Solutions Architect Professional. Full Amazon Web Services Solution Architecture deep-dive for SAP-C02",Be AWS Certified Solutions Architect Professional. Full Amazon Web Services Solution Architecture deep-dive for SAP-C02,"Stephane Maarek | AWS Certified Cloud Practitioner,Solutions Architect,Developer","Rating: 4.6 out of 5
4.6
(25,295)","Current price
$12.99
Original Price
$79.99","16.5 total hours
205 lectures
Expert",3
"CCNA 2020 200-125 Video Boot Camp With Chris Bryant
Join The 90,000+ Students Who Are Learning Real-World Skills AND Earning Their CCNA!","Join The 90,000+ Students Who Are Learning Real-World Skills AND Earning Their CCNA!",Chris Bryant,"Rating: 4.6 out of 5
4.6
(25,275)","Current price
$13.99
Original Price
$74.99","62.5 total hours
467 lectures
Beginner",3
"Amazon Web Services (AWS) Certified - 5 Certifications!
AWS Certified (AI & Cloud Practitioner, Solutions Architect, Developer, SysOps Administrator Associate)","AWS Certified (AI & Cloud Practitioner, Solutions Architect, Developer, SysOps Administrator Associate)","BackSpace Academy, Paul Coady","Rating: 4.6 out of 5
4.6
(25,089)","Current price
$11.99
Original Price
$74.99","54.5 total hours
218 lectures
All Levels",3
"TOTAL: CompTIA A+ Core 2 (220-1202) Course + Practice Exam
Everything you need to pass the A+ Cert. Core 2 (220-1202) Exam, from Mike Meyers and Total Seminars with practice exam.","Everything you need to pass the A+ Cert. Core 2 (220-1202) Exam, from Mike Meyers and Total Seminars with practice exam.","Total Seminars Over 1 Million Enrollments, Mike Meyers, Dakota Snow","Rating: 4.7 out of 5
4.7
(24,911)","Current price
$12.99
Original Price
$19.99","21.5 total hours
155 lectures
All Levels",3
"ITIL 4 Foundation Practice Certification Exams (6 Exams)
6 Full-length ITIL 4 Foundation Timed Tests *** 40 Questions Each & 240 Questions Total (With feedback on each question)",6 Full-length ITIL 4 Foundation Timed Tests *** 40 Questions Each & 240 Questions Total (With feedback on each question),"Jason Dion • 2.8 Million+ Enrollments Worldwide, Dion Training Solutions • ATO for ITIL & PRINCE2, Dion Training Solutions • ATO for ITIL & PRINCE2, Dion Training Solutions, Jason Dion • 2.8 Million+ Enrollments Worldwide","Rating: 4.6 out of 5
4.6
(24,541)","Current price
$10.99
Original Price
$64.99","240 questions
Beginner",3
"CISSP Certification: CISSP Domain 1 & 2 Boot Camp 2025 Exam
Take the CISSP Domain 1 and 2 2025 certifications boot camp: Get 9 hours of video, study guides, and practice questions","Take the CISSP Domain 1 and 2 2025 certifications boot camp: Get 9 hours of video, study guides, and practice questions","Thor Pedersen | 670,000+ Enrollments Worldwide, ThorTeaches.com Support","Rating: 4.7 out of 5
4.7
(22,541)","Current price
$12.99
Original Price
$79.99","9 total hours
68 lectures
All Levels",3
"AWS Certified Solutions Architect Associate (SAA-C03) Course
2026 AWS Certified Solutions Architect Associate Video Course SAA-C03 | Hands-on Exercises + AWS Practice Exam + Slides",2026 AWS Certified Solutions Architect Associate Video Course SAA-C03 | Hands-on Exercises + AWS Practice Exam + Slides,"Neal Davis | AWS Certified Solutions Architect & Developer, Digital Cloud Training | AWS Certified Cloud Practitioner AWS Certified Solutions Architect, AWS Developer Associate","Rating: 4.6 out of 5
4.6
(22,482)","Current price
$11.99
Original Price
$74.99","23 total hours
290 lectures
All Levels",3
"AWS Certified CloudOps Engineer Associate SOA-C03 2026
Full Practice Test with Explanations included! PASS the AWS Certified CloudOps Engineer Associate SOA-C03 Exam",Full Practice Test with Explanations included! PASS the AWS Certified CloudOps Engineer Associate SOA-C03 Exam,"Stephane Maarek | AWS Certified Cloud Practitioner,Solutions Architect,Developer","Rating: 4.7 out of 5
4.7
(21,583)","Current price
$12.99
Original Price
$79.99","25 total hours
391 lectures
All Levels",3
"Practice Exams | AWS Certified Solutions Architect Associate
Prepare for your SAA-C03 exam. 390 high-quality practice test questions written from scratch with detailed explanations!",Prepare for your SAA-C03 exam. 390 high-quality practice test questions written from scratch with detailed explanations!,"Stephane Maarek | AWS Certified Cloud Practitioner,Solutions Architect,Developer, Abhishek Singh","Rating: 4.6 out of 5
4.6
(21,312)","Current price
$12.99
Original Price
$74.99","390 questions
Beginner",3
"The Complete Agile Scrum Fundamentals Course + Certification
Agile Scrum from A to Z: Scrum a Project Management methodology, Scrum Fundamentals, Scrum concepts, Agile Scrum tools","Agile Scrum from A to Z: Scrum a Project Management methodology, Scrum Fundamentals, Scrum concepts, Agile Scrum tools","YESI EDUCATION, Mauricio Rubio - Agile Guru & Founder of YESI EDUCATION, AgileKB & Grabdl","Rating: 4.4 out of 5
4.4
(20,911)","Current price
$12.99
Original Price
$79.99","15 total hours
107 lectures
Beginner",4
"AWS Certified DevOps Engineer Professional 2026 - DOP-C02
Pass the AWS Certified DevOps Engineer Professional Certification (DOP-C02) with 20 hours of advanced videos.",Pass the AWS Certified DevOps Engineer Professional Certification (DOP-C02) with 20 hours of advanced videos.,"Stephane Maarek | AWS Certified Cloud Practitioner,Solutions Architect,Developer","Rating: 4.7 out of 5
4.7
(20,224)","Current price
$12.99
Original Price
$79.99","17 total hours
247 lectures
Intermediate",4
"Salesforce Certified Platform Administrator (Mar 2026)
Updated Mar 2026 - Want to pass the Salesforce Admin Exam? with a focused course including mock test and best practice?",Updated Mar 2026 - Want to pass the Salesforce Admin Exam? with a focused course including mock test and best practice?,"Francis Pindar | Salesforce Certified Architect & 7x Salesforce MVP, Admin To Architect","Rating: 4.6 out of 5
4.6
(18,707)","Current price
$10.99
Original Price
$69.99","22.5 total hours
143 lectures
Beginner",4
"70-461, 761: Querying Microsoft SQL Server with Transact-SQL
From Tables and SELECT queries to advanced SQL. SQL Server 2012, 2014, 2016, 2017, 2019, and 2022. Helps with DP-600","From Tables and SELECT queries to advanced SQL. SQL Server 2012, 2014, 2016, 2017, 2019, and 2022. Helps with DP-600","Phillip Burton • over one million students so far, I Do Data Limited","Rating: 4.6 out of 5
4.6
(18,421)","Current price
$12.99
Original Price
$74.99","28.5 total hours
270 lectures
Beginner",4
"GCP for Beginners - Become a Google Cloud Digital Leader
Google Cloud for Beginners. Start Cloud Computing with GCP and become a Cloud Digital Leader.",Google Cloud for Beginners. Start Cloud Computing with GCP and become a Cloud Digital Leader.,"in28Minutes Official, Ranga Karanam | GCP Certification - Google Cloud Engineer & Architect","Rating: 4.6 out of 5
4.6
(17,204)","Current price
$9.99
Original Price
$59.99","12.5 total hours
209 lectures
All Levels",4
"Snowflake Decoded - Master the Fundamental Concepts
Become a Snowflake Professional with hands-on training and expert guidance from an industry pro",Become a Snowflake Professional with hands-on training and expert guidance from an industry pro,Hamid Qureshi,"Rating: 4.6 out of 5
4.6
(16,734)","Current price
$11.99
Original Price
$64.99","5 total hours
83 lectures
Intermediate",4
"AWS Certified Machine Learning Specialty 2026 - Hands On!
AWS machine learning certification preparation - learn SageMaker, generative AI, data engineering, modeling & more","AWS machine learning certification preparation - learn SageMaker, generative AI, data engineering, modeling & more","Sundog Education by Frank Kane, Stephane Maarek | AWS Certified Cloud Practitioner,Solutions Architect,Developer, Frank Kane, Sundog Education Team","Rating: 4.6 out of 5
4.6
(16,624)","Current price
$12.99
Original Price
$79.99","15 total hours
167 lectures
All Levels",4
"Python Data Structures & Algorithms + LEETCODE Exercises
DSA + LEETCODE for Coding Interviews — Clear, Step-by-Step Animated Walkthroughs!","DSA + LEETCODE for Coding Interviews — Clear, Step-by-Step Animated Walkthroughs!",Scott Barrett,"Rating: 4.7 out of 5
4.7
(16,061)","Current price
$9.99
Original Price
$59.99","10.5 total hours
139 lectures
All Levels",4
"Identity and Access Management (IAM)
Managing identities and their access level is the most important part of cyber security frameworks",Managing identities and their access level is the most important part of cyber security frameworks,Rassoul Zadeh,"Rating: 4.5 out of 5
4.5
(15,985)","Current price
$11.99
Original Price
$69.99","10.5 total hours
126 lectures
Beginner",4
"Six Sigma: Certified Lean Six Sigma White Belt (Accredited)
Master Lean Six Sigma | Lean Six Sigma Simple and Easy! CPD Accredited Six Sigma Course | Get 2 PMI PDUs /PDCs/CPDs",Master Lean Six Sigma | Lean Six Sigma Simple and Easy! CPD Accredited Six Sigma Course | Get 2 PMI PDUs /PDCs/CPDs,"Sandeep Kumar, ­ Quality Gurus Inc.","Rating: 4.7 out of 5
4.7
(15,954)","Current price
$12.99
Original Price
$64.99","1 total hour
19 lectures
Beginner",4
"Databricks Certified Data Engineer Associate - Preparation
UPDATED: V25 JULY 2025 | Complete preparation for Databricks Data Engineer Associate certification + hands-on training",UPDATED: V25 JULY 2025 | Complete preparation for Databricks Data Engineer Associate certification + hands-on training,"Derar Alhussein | 10x Databricks Certified, Acadford ™","Rating: 4.5 out of 5
4.5
(15,753)","Current price
$9.99
Original Price
$59.99","5 total hours
50 lectures
All Levels",4
"Salesforce Tableau Data Analyst/Specialist Desktop Cert Prep
From beginners to skills needed for Tableau Data Analyst or Desktop Specialist certifications.",From beginners to skills needed for Tableau Data Analyst or Desktop Specialist certifications.,"Phillip Burton • over one million students so far, I Do Data Limited","Rating: 4.5 out of 5
4.5
(15,070)","Current price
$12.99
Original Price
$79.99","15.5 total hours
182 lectures
Beginner",4
"AI-900 Azure AI Fundamentals Exam Prep In One Day
Learn the basics of Azure AI and ML services and get certified with this complete AI-900 course!",Learn the basics of Azure AI and ML services and get certified with this complete AI-900 course!,"Scott Duffy • 1.000.000+ Students, Software Architect.ca","Rating: 4.6 out of 5
4.6
(14,588)","Current price
$12.99
Original Price
$79.99","3.5 total hours
41 lectures
All Levels",4
"Azure Fundamentals: AZ-900 Certification +Practice Questions
Updated October 2025",Updated October 2025,Kevin Brown,"Rating: 4.6 out of 5
4.6
(14,482)","Current price
$13.99
Original Price
$79.99","11 total hours
146 lectures
Beginner",4
"GCP Professional Cloud Architect: Google Cloud Certification
Become a GCP Cloud Architect. Architect Google Cloud Platform (GCP) Solutions. Includes 4 New Case Studies.",Become a GCP Cloud Architect. Architect Google Cloud Platform (GCP) Solutions. Includes 4 New Case Studies.,"in28Minutes Official, Ranga Karanam | GCP Certification - Google Cloud Engineer & Architect","Rating: 4.6 out of 5
4.6
(14,215)","Current price
$16.99
Original Price
$99.99","23 total hours
365 lectures
All Levels",4
"PL-900 prep: Microsoft Power Platform Fundamentals
Learn about Power Apps, Power Automate, Power BI, the AI Builder and the Dataverse (CDS) - for Microsoft's PL-900 exam.","Learn about Power Apps, Power Automate, Power BI, the AI Builder and the Dataverse (CDS) - for Microsoft's PL-900 exam.","Phillip Burton • over one million students so far, I Do Data Limited","Rating: 4.5 out of 5
4.5
(14,176)","Current price
$12.99
Original Price
$79.99","6.5 total hours
84 lectures
Beginner",4
"MD-102 Endpoint Administrator Associate course with SIMS!
Get prepared for the MD-102 with instructor led labs & hands on simulations available 24/7",Get prepared for the MD-102 with instructor led labs & hands on simulations available 24/7,"John Christopher | 490,000+ enrollments","Rating: 4.6 out of 5
4.6
(14,061)","Current price
$10.99
Original Price
$64.99","11.5 total hours
89 lectures
All Levels",5
"DP-203 - Data Engineering on Microsoft Azure
Preparation for DP-203 Data Engineering on Microsoft Azure exam",Preparation for DP-203 Data Engineering on Microsoft Azure exam,Alan Rodrigues,"Rating: 4.3 out of 5
4.3
(13,649)","Current price
$9.99
Original Price
$59.99","21.5 total hours
279 lectures
All Levels",5
"Informatica PowerCenter - Beginner to Expert Level
Master Informatica, server installation to advanced data processing, in-depth exploration of transformation techniques","Master Informatica, server installation to advanced data processing, in-depth exploration of transformation techniques",Smart Coders Hub,"Rating: 4.4 out of 5
4.4
(13,629)","Current price
$16.99
Original Price
$74.99","19.5 total hours
152 lectures
All Levels",5
"AWS Certified Solutions Architect Associate Practice Exams
2026 AWS Certified Solutions Architect Associate Practice Tests [SAA-C03] + Exam Simulator + Explanations + Cheat Sheets",2026 AWS Certified Solutions Architect Associate Practice Tests [SAA-C03] + Exam Simulator + Explanations + Cheat Sheets,"Neal Davis | AWS Certified Solutions Architect & Developer, Digital Cloud Training | AWS Certified Cloud Practitioner AWS Certified Solutions Architect, AWS Developer Associate","Rating: 4.6 out of 5
4.6
(13,368)","Current price
$13.99
Original Price
$74.99","390 questions
All Levels",5
"Practice Exams | AWS Certified Developer Associate
390 Original Questions for DVA-C02 ! Practice for the AWS Certified Developer Certification and ace the DVA-C02 Exam!",390 Original Questions for DVA-C02 ! Practice for the AWS Certified Developer Certification and ace the DVA-C02 Exam!,"Stephane Maarek | AWS Certified Cloud Practitioner,Solutions Architect,Developer, Abhishek Singh","Rating: 4.6 out of 5
4.6
(13,356)","Current price
$12.99
Original Price
$69.99","390 questions
Beginner",5
"TOTAL: CompTIA Tech+ (FC0-U71)
Basic IT concepts, troubleshooting devices, and identifying/preventing security risk, update CompTIA IT Fundamentals","Basic IT concepts, troubleshooting devices, and identifying/preventing security risk, update CompTIA IT Fundamentals","Total Seminars Over 1 Million Enrollments, Scott Jernigan","Rating: 4.6 out of 5
4.6
(13,082)","Current price
$12.99
Original Price
$74.99","4.5 total hours
71 lectures
Beginner",5
"AWS Certified Cloud Practitioner - AWS Certification
AWS Certified Cloud Practitioner - AWS Certification. Start Cloud Computing. Learn AWS Concepts.",AWS Certified Cloud Practitioner - AWS Certification. Start Cloud Computing. Learn AWS Concepts.,"in28Minutes Official, Ranga Karanam | GCP Certification - Google Cloud Engineer & Architect","Rating: 4.6 out of 5
4.6
(13,069)","Current price
$12.99
Original Price
$79.99","19 total hours
310 lectures
All Levels",5
"AZ-400 Designing and Implementing DevOps Certification
Pass your AZ-400 DevOps Exam",Pass your AZ-400 DevOps Exam,Alan Rodrigues,"Rating: 4.5 out of 5
4.5
(13,028)","Current price
$11.99
Original Price
$74.99","21 total hours
258 lectures
Intermediate",5
"HashiCorp Certified Terraform Associate 004 - Practice Exams
Terraform Associate 004 Certification Practice Exams - Almost 350 Realistic Questions with Detailed Explanations + Links",Terraform Associate 004 Certification Practice Exams - Almost 350 Realistic Questions with Detailed Explanations + Links,"Bryan Krausen • 200,000+ Enrollments Worldwide","Rating: 4.7 out of 5
4.7
(270)","Current price
$9.99
Original Price
$19.99","342 questions
Beginner",5
"Microsoft Power BI: PL-300 Certification Prep (Data Analyst)
Complete guide to acing the PL-300 Power BI Exam and becoming a Microsoft Certified Data Analyst Associate",Complete guide to acing the PL-300 Power BI Exam and becoming a Microsoft Certified Data Analyst Associate,"Maven Analytics • 1,500,000 Learners, Aaron Parry","Rating: 4.6 out of 5
4.6
(12,362)","Current price
$12.99
Original Price
$79.99","8.5 total hours
127 lectures
All Levels",5
"AI-900: Microsoft Azure AI Fundamentals in a Weekend [2026]
AI-900 in a WEEKEND: PASS Azure Certification - Azure AI Fundamentals",AI-900 in a WEEKEND: PASS Azure Certification - Azure AI Fundamentals,"in28Minutes Official, Cloud First Solutions | Microsoft Azure Certification, Ranga Karanam | GCP Certification - Google Cloud Engineer & Architect","Rating: 4.6 out of 5
4.6
(12,399)","Current price
$9.99
Original Price
$54.99","6 total hours
100 lectures
All Levels",5
"Training for Snowflake SnowPro Core Certification Exam C02/3
Learn Snowflake with a certified data engineer and ace the Snowflake SnowPro Core COF-C02/C03 certification exam.",Learn Snowflake with a certified data engineer and ace the Snowflake SnowPro Core COF-C02/C03 certification exam.,Tom Bailey,"Rating: 4.5 out of 5
4.5
(12,291)","Current price
$9.99
Original Price
$59.99","8.5 total hours
104 lectures
Beginner",5
"AWS Certified Data Engineer Associate 2026 - Hands On!
AWS DEA-C01 certification prep course with exercises and 2 full-length practice exams. Redshift, Glue, Athena, and more","AWS DEA-C01 certification prep course with exercises and 2 full-length practice exams. Redshift, Glue, Athena, and more","Sundog Education by Frank Kane, Frank Kane, Stephane Maarek | AWS Certified Cloud Practitioner,Solutions Architect,Developer","Rating: 4.6 out of 5
4.6
(12,232)","Current price
$9.99
Original Price
$59.99","24.5 total hours
314 lectures
All Levels",5
"CompTIA A+ Core 2 (220-1202) Full Course & Practice Exam
Pass the CompTIA A+ Core 2 (220-1202) exam with help from a top expert in the field!",Pass the CompTIA A+ Core 2 (220-1202) exam with help from a top expert in the field!,"Jason Dion • 2.8 Million+ Enrollments Worldwide, Dion Training Solutions • ATO for ITIL & PRINCE2, Dion Training Solutions • ATO for ITIL & PRINCE2, Dion Training Solutions, Jason Dion • 2.8 Million+ Enrollments Worldwide","Rating: 4.7 out of 5
4.7
(12,148)","Current price
$9.99
Original Price
$59.99","37.5 total hours
325 lectures
Beginner",5
"Google Cloud Associate Cloud Engineer: Get Certified 2024
Learn How to Pass the Exam from the author of the Official Certification Guide for Google",Learn How to Pass the Exam from the author of the Official Certification Guide for Google,"Dan Sullivan, Dan Sullivan","Rating: 4.5 out of 5
4.5
(11,867)","Current price
$12.99
Original Price
$79.99","8.5 total hours
114 lectures
All Levels",5
"CompTIA PenTest+ (PT0-003) Full Course & Practice Exam
Pass the CompTIA PenTest+ (PT0-003) exam on your 1st attempt, includes a full practice exam!","Pass the CompTIA PenTest+ (PT0-003) exam on your 1st attempt, includes a full practice exam!","Jason Dion • 2.8 Million+ Enrollments Worldwide, Dion Training Solutions • ATO for ITIL & PRINCE2, Dion Training Solutions • ATO for ITIL & PRINCE2, Jason Dion • 2.8 Million+ Enrollments Worldwide","Rating: 4.6 out of 5
4.6
(11,704)","Current price
$12.99
Original Price
$79.99","27.5 total hours
301 lectures
All Levels",5
